-- ==========================================
-- INSERT Data into Patients 
-- ==========================================
INSERT INTO Patients VALUES ('P001', 'NID001', 'Ishaq', '1991-02-20', 'Male', 'ishaq@codeline.com');
INSERT INTO Patients VALUES ('P002', 'NID002', 'Mohammed', '1990-01-11', 'Male', 'mohammed@codeline.com');
INSERT INTO Patients VALUES ('P003', 'NID003', 'Ahmed', '1990-01-14', 'Male', 'ahmed@codeline.com');
INSERT INTO Patients VALUES ('P004', 'NID004', 'Salim', '1992-01-15', 'Male', 'salim@codeline.com');
INSERT INTO Patients VALUES ('P005', 'NID005', 'Hassan', '1990-02-20', 'Male', 'hassan@codeline.com');
INSERT INTO Patients VALUES ('P006', 'NID006', 'Faisal', '1990-02-20', 'Male', 'faisal@codeline.com');
INSERT INTO Patients VALUES ('P007', 'NID007', 'Majid', '1991-01-16', 'Male', 'majid@codeline.com');
INSERT INTO Patients VALUES ('P008', 'NID008', 'Omar', '1990-02-19', 'Male', 'omar@codeline.com');
INSERT INTO Patients VALUES ('P009', 'NID009', 'Yusuf', '1990-01-19', 'Male', 'yusuf@codeline.com');
INSERT INTO Patients VALUES ('P010', 'NID010', 'Zayd', '1992-01-17', 'Male', 'zayd@codeline.com');
INSERT INTO Patients VALUES ('P011', 'NID011', 'Samir', '2001-08-17', 'Male', 'samir@codeline.com');
INSERT INTO Patients VALUES ('P012', 'NID012', 'Karim', '1992-02-12', 'Male', 'karim@codeline.com');
INSERT INTO Patients VALUES ('P013', 'NID013', 'Fatma', '1991-02-15', 'Female', 'fatma@codeline.com');
INSERT INTO Patients VALUES ('P014', 'NID014', 'Laila', '1992-01-21', 'Female', 'laila@codeline.com');
INSERT INTO Patients VALUES ('P015', 'NID015', 'Sara', '1990-02-12', 'Female', 'sara@codeline.com');
INSERT INTO Patients VALUES ('P016', 'NID016', 'Noura', '1991-02-19', 'Female', 'noura@codeline.com');
INSERT INTO Patients VALUES ('P017', 'NID017', 'Eman', '1990-02-26', 'Female', 'eman@codeline.com');
INSERT INTO Patients VALUES ('P018', 'NID018', 'Ali', '1992-01-26', 'Male', 'ali@codeline.com');
INSERT INTO Patients VALUES ('P019', 'NID019', 'Tariq', '1990-02-22', 'Male', 'tariq@codeline.com');
INSERT INTO Patients VALUES ('P020', 'NID020', 'Huda', '1991-01-11', 'Female', 'huda@codeline.com');
INSERT INTO Patients VALUES ('P021', 'NID021', 'Mona', '1992-01-19', 'Female', 'mona@codeline.com');

-- ============================================
-- INSERT Data into PatientsNo (PhoneNo)
-- ============================================
INSERT INTO PatientsNo VALUES ('P001', '91234001');
INSERT INTO PatientsNo VALUES ('P002', '91234002');
INSERT INTO PatientsNo VALUES ('P003', '91234003');
INSERT INTO PatientsNo VALUES ('P004', '91234004');
INSERT INTO PatientsNo VALUES ('P005', '91234005');
INSERT INTO PatientsNo VALUES ('P006', '91234006');
INSERT INTO PatientsNo VALUES ('P007', '91234007');
INSERT INTO PatientsNo VALUES ('P008', '91234008');
INSERT INTO PatientsNo VALUES ('P009', '91234009');
INSERT INTO PatientsNo VALUES ('P010', '91234010');
INSERT INTO PatientsNo VALUES ('P011', '91234011');
INSERT INTO PatientsNo VALUES ('P012', '91234012');
INSERT INTO PatientsNo VALUES ('P013', '91234013');
INSERT INTO PatientsNo VALUES ('P014', '91234014');
INSERT INTO PatientsNo VALUES ('P015', '91234015');
INSERT INTO PatientsNo VALUES ('P016', '91234016');
INSERT INTO PatientsNo VALUES ('P017', '91234017');
INSERT INTO PatientsNo VALUES ('P018', '91234018');
INSERT INTO PatientsNo VALUES ('P019', '91234019');
INSERT INTO PatientsNo VALUES ('P020', '91234020');
INSERT INTO PatientsNo VALUES ('P021', '91234021');

-- ==========================================
-- INSERT Data into Doctors 
-- ==========================================
INSERT INTO Doctors VALUES ('D001', 'Karim', 'Specialist', 'DPT01', 'Male', 'karim@codeline.com');
INSERT INTO Doctors VALUES ('D002', 'Fatma', 'Specialist', 'DPT01', 'Female', 'fatma@codeline.com');
INSERT INTO Doctors VALUES ('D003', 'Laila', 'Specialist', 'DPT01', 'Female', 'laila@codeline.com');
INSERT INTO Doctors VALUES ('D004', 'Sara', 'Specialist', 'DPT01', 'Female', 'sara@codeline.com');
INSERT INTO Doctors VALUES ('D005', 'Noura', 'Specialist', 'DPT01', 'Female', 'noura@codeline.com');
INSERT INTO Doctors VALUES ('D006', 'Eman', 'Specialist', 'DPT01', 'Female', 'eman@codeline.com');
INSERT INTO Doctors VALUES ('D007', 'Ali', 'Specialist', 'DPT01', 'Male', 'ali@codeline.com');
INSERT INTO Doctors VALUES ('D008', 'Tariq', 'Specialist', 'DPT01', 'Female', 'tariq@codeline.com');
INSERT INTO Doctors VALUES ('D009', 'Huda', 'Specialist', 'DPT01', 'Female', 'huda@codeline.com');
INSERT INTO Doctors VALUES ('D010', 'Mona', 'Specialist', 'DPT01', 'Female', 'mona@codeline.com');
INSERT INTO Doctors VALUES ('D011', 'Nabil', 'Specialist', 'DPT02', 'Male', 'nabil@codeline.com');
INSERT INTO Doctors VALUES ('D012', 'Iman', 'Specialist', 'DPT04', 'Female', 'iman@codeline.com');
INSERT INTO Doctors VALUES ('D013', 'Yasir', 'Specialist', 'DPT03', 'Male', 'yasir@codeline.com');
INSERT INTO Doctors VALUES ('D014', 'Huda', 'Specialist', 'DPT05', 'Female', 'huda@codeline.com');
INSERT INTO Doctors VALUES ('D015', 'Noor', 'Specialist', 'DPT05', 'Female', 'noor@codeline.com');
INSERT INTO Doctors VALUES ('D016', 'Rami', 'Specialist', 'DPT02', 'Male', 'rami@codeline.com');
INSERT INTO Doctors VALUES ('D017', 'Aisha', 'Specialist', 'DPT05', 'Female', 'aisha@codeline.com');
INSERT INTO Doctors VALUES ('D018', 'Saeed', 'Specialist', 'DPT01', 'Male', 'saeed@codeline.com');
INSERT INTO Doctors VALUES ('D019', 'Zahra', 'Specialist', 'DPT01', 'Female', 'zahra@codeline.com');
INSERT INTO Doctors VALUES ('D020', 'Hani', 'Specialist', 'DPT02', 'Male', 'hani@codeline.com');

-- ============================================
-- INSERT Data into DoctorsNo (PhoneNo)
-- ============================================
INSERT INTO DoctorsNo VALUES ('D001', '90123001');
INSERT INTO DoctorsNo VALUES ('D002', '90123002');
INSERT INTO DoctorsNo VALUES ('D003', '90123003');
INSERT INTO DoctorsNo VALUES ('D004', '90123004');
INSERT INTO DoctorsNo VALUES ('D005', '90123005');
INSERT INTO DoctorsNo VALUES ('D006', '90123006');
INSERT INTO DoctorsNo VALUES ('D007', '90123007');
INSERT INTO DoctorsNo VALUES ('D008', '90123008');
INSERT INTO DoctorsNo VALUES ('D009', '90123009');
INSERT INTO DoctorsNo VALUES ('D010', '90123010');
INSERT INTO DoctorsNo VALUES ('D011', '90123011');
INSERT INTO DoctorsNo VALUES ('D012', '90123012');
INSERT INTO DoctorsNo VALUES ('D013', '90123013');
INSERT INTO DoctorsNo VALUES ('D014', '90123014');
INSERT INTO DoctorsNo VALUES ('D015', '90123015');
INSERT INTO DoctorsNo VALUES ('D016', '90123016');
INSERT INTO DoctorsNo VALUES ('D017', '90123017');
INSERT INTO DoctorsNo VALUES ('D018', '90123018');
INSERT INTO DoctorsNo VALUES ('D019', '90123019');
INSERT INTO DoctorsNo VALUES ('D020', '90123020');


-- ==========================================
-- INSERT Data into Departments
-- ==========================================
INSERT INTO Departments VALUES ('DPT01', 'Cardiology');
INSERT INTO Departments VALUES ('DPT02', 'Radiology');
INSERT INTO Departments VALUES ('DPT03', 'Neurology');
INSERT INTO Departments VALUES ('DPT04', 'Orthopedics');
INSERT INTO Departments VALUES ('DPT05', 'Pediatrics');
INSERT INTO Departments VALUES ('DPT01', 'Cardiology');
INSERT INTO Departments VALUES ('DPT02', 'Radiology');
INSERT INTO Departments VALUES ('DPT03', 'Neurology');
INSERT INTO Departments VALUES ('DPT04', 'Orthopedics');
INSERT INTO Departments VALUES ('DPT05', 'Pediatrics');
INSERT INTO Departments VALUES ('DPT06', 'Dermatology');
INSERT INTO Departments VALUES ('DPT07', 'Urology');
INSERT INTO Departments VALUES ('DPT08', 'Oncology');
INSERT INTO Departments VALUES ('DPT09', 'Gastroenterology');
INSERT INTO Departments VALUES ('DPT10', 'Endocrinology');
INSERT INTO Departments VALUES ('DPT11', 'Hematology');
INSERT INTO Departments VALUES ('DPT12', 'Nephrology');
INSERT INTO Departments VALUES ('DPT13', 'Ophthalmology');
INSERT INTO Departments VALUES ('DPT14', 'Psychiatry');
INSERT INTO Departments VALUES ('DPT15', 'Pulmonology');
INSERT INTO Departments VALUES ('DPT16', 'Rheumatology');
INSERT INTO Departments VALUES ('DPT17', 'Surgery');
INSERT INTO Departments VALUES ('DPT18', 'Emergency');
INSERT INTO Departments VALUES ('DPT19', 'Pathology');
INSERT INTO Departments VALUES ('DPT20', 'Rehabilitation');
INSERT INTO Departments VALUES ('DPT21', 'Anesthesiology');
INSERT INTO Departments VALUES ('DPT22', 'Allergy and Immunology');
INSERT INTO Departments VALUES ('DPT23', 'Infectious Disease');
INSERT INTO Departments VALUES ('DPT24', 'Family Medicine');
INSERT INTO Departments VALUES ('DPT25', 'Internal Medicine');

-- ==========================================
-- INSERT Data into Rooms 
-- ==========================================
INSERT INTO Rooms VALUES ('R001', '101', 'General', 1);
INSERT INTO Rooms VALUES ('R002', '102', 'General', 1);
INSERT INTO Rooms VALUES ('R003', '103', 'General', 1);
INSERT INTO Rooms VALUES ('R004', '104', 'General', 1);
INSERT INTO Rooms VALUES ('R005', '105', 'General', 1);
INSERT INTO Rooms VALUES ('R006', '106', 'General', 1);
INSERT INTO Rooms VALUES ('R007', '107', 'General', 1);
INSERT INTO Rooms VALUES ('R008', '108', 'General', 1);
INSERT INTO Rooms VALUES ('R009', '109', 'General', 1);
INSERT INTO Rooms VALUES ('R010', '110', 'General', 1);
INSERT INTO Rooms VALUES ('R011', '111', 'General', 1);
INSERT INTO Rooms VALUES ('R012', '112', 'General', 1);
INSERT INTO Rooms VALUES ('R013', '113', 'General', 1);
INSERT INTO Rooms VALUES ('R014', '114', 'General', 1);
INSERT INTO Rooms VALUES ('R015', '115', 'General', 1);
INSERT INTO Rooms VALUES ('R016', '116', 'General', 1);
INSERT INTO Rooms VALUES ('R017', '117', 'General', 1);
INSERT INTO Rooms VALUES ('R018', '118', 'General', 1);
INSERT INTO Rooms VALUES ('R019', '119', 'General', 1);
INSERT INTO Rooms VALUES ('R020', '120', 'General', 1);

-- ==========================================
-- INSERT Data into Admissions
-- ==========================================
INSERT INTO Admissions VALUES ('A001', 'P001', 'R018', '2024-06-09', '2024-06-12');
INSERT INTO Admissions VALUES ('A002', 'P017', 'R015', '2024-06-10', '2024-06-14');
INSERT INTO Admissions VALUES ('A003', 'P009', 'R006', '2024-06-01', '2024-06-15');
INSERT INTO Admissions VALUES ('A004', 'P002', 'R002', '2024-06-03', '2024-06-20');
INSERT INTO Admissions VALUES ('A005', 'P017', 'R016', '2024-06-08', '2024-06-12');
INSERT INTO Admissions VALUES ('A006', 'P008', 'R013', '2024-06-09', '2024-06-14');
INSERT INTO Admissions VALUES ('A007', 'P002', 'R018', '2024-06-04', '2024-06-14');
INSERT INTO Admissions VALUES ('A008', 'P010', 'R019', '2024-06-04', '2024-06-17');
INSERT INTO Admissions VALUES ('A009', 'P016', 'R018', '2024-06-03', '2024-06-14');
INSERT INTO Admissions VALUES ('A010', 'P015', 'R006', '2024-06-01', '2024-06-14');
INSERT INTO Admissions VALUES ('A011', 'P002', 'R020', '2024-06-05', '2024-06-18');
INSERT INTO Admissions VALUES ('A012', 'P016', 'R005', '2024-06-08', '2024-06-12');
INSERT INTO Admissions VALUES ('A013', 'P013', 'R007', '2024-06-06', '2024-06-13');
INSERT INTO Admissions VALUES ('A014', 'P010', 'R009', '2024-06-02', '2024-06-18');
INSERT INTO Admissions VALUES ('A015', 'P009', 'R003', '2024-06-03', '2024-06-18');
INSERT INTO Admissions VALUES ('A016', 'P003', 'R005', '2024-06-04', '2024-06-20');
INSERT INTO Admissions VALUES ('A017', 'P010', 'R012', '2024-06-07', '2024-06-17');
INSERT INTO Admissions VALUES ('A018', 'P012', 'R019', '2024-06-04', '2024-06-17');
INSERT INTO Admissions VALUES ('A019', 'P015', 'R002', '2024-06-09', '2024-06-13');
INSERT INTO Admissions VALUES ('A020', 'P006', 'R019', '2024-06-10', '2024-06-12');

-- ==========================================
-- INSERT Data into Appointments 
-- ==========================================
INSERT INTO Appointments VALUES ('AP001', 'P008', 'D001', '2024-07-10', '09:00:00');
INSERT INTO Appointments VALUES ('AP002', 'P006', 'D009', '2024-07-20', '15:00:00');
INSERT INTO Appointments VALUES ('AP003', 'P008', 'D001', '2024-07-16', '15:00:00');
INSERT INTO Appointments VALUES ('AP004', 'P017', 'D003', '2024-07-10', '10:00:00');
INSERT INTO Appointments VALUES ('AP005', 'P009', 'D004', '2024-07-20', '09:00:00');
INSERT INTO Appointments VALUES ('AP006', 'P004', 'D008', '2024-07-20', '12:00:00');
INSERT INTO Appointments VALUES ('AP007', 'P004', 'D006', '2024-07-19', '12:00:00');
INSERT INTO Appointments VALUES ('AP008', 'P003', 'D010', '2024-07-04', '11:00:00');
INSERT INTO Appointments VALUES ('AP009', 'P007', 'D002', '2024-07-08', '10:00:00');
INSERT INTO Appointments VALUES ('AP010', 'P021', 'D008', '2024-07-12', '16:00:00');
INSERT INTO Appointments VALUES ('AP011', 'P014', 'D005', '2024-07-07', '15:00:00');
INSERT INTO Appointments VALUES ('AP012', 'P015', 'D003', '2024-07-16', '10:00:00');
INSERT INTO Appointments VALUES ('AP013', 'P015', 'D008', '2024-07-01', '12:00:00');
INSERT INTO Appointments VALUES ('AP014', 'P004', 'D008', '2024-07-09', '12:00:00');
INSERT INTO Appointments VALUES ('AP015', 'P014', 'D009', '2024-07-01', '16:00:00');
INSERT INTO Appointments VALUES ('AP016', 'P013', 'D003', '2024-07-16', '12:00:00');
INSERT INTO Appointments VALUES ('AP017', 'P021', 'D002', '2024-07-20', '13:00:00');
INSERT INTO Appointments VALUES ('AP018', 'P008', 'D007', '2024-07-20', '12:00:00');
INSERT INTO Appointments VALUES ('AP019', 'P018', 'D007', '2024-07-02', '09:00:00');
INSERT INTO Appointments VALUES ('AP020', 'P016', 'D008', '2024-07-17', '15:00:00');

-- ==========================================
-- INSERT Data into MedicalRecords 
-- ==========================================
INSERT INTO MedicalRecords VALUES ('MR001', 'P004', 'D008', 'AP001', 'Asthma', 'Antibiotics', '2024-07-14', 'Follow-up in 1 week');
INSERT INTO MedicalRecords VALUES ('MR002', 'P014', 'D005', 'AP002', 'Cold', 'IV fluids', '2024-07-10', 'Follow-up in 1 week');
INSERT INTO MedicalRecords VALUES ('MR003', 'P007', 'D008', 'AP003', 'Hypertension', 'Insulin', '2024-07-10', 'Follow-up in 1 week');
INSERT INTO MedicalRecords VALUES ('MR004', 'P013', 'D003', 'AP004', 'Migraine', 'Painkillers', '2024-07-01', 'Follow-up in 1 week');
INSERT INTO MedicalRecords VALUES ('MR005', 'P003', 'D005', 'AP005', 'Flu', 'Rest', '2024-07-20', 'Follow-up in 1 week');
INSERT INTO MedicalRecords VALUES ('MR006', 'P010', 'D008', 'AP006', 'Flu', 'Insulin', '2024-07-11', 'Follow-up in 1 week');
INSERT INTO MedicalRecords VALUES ('MR007', 'P021', 'D005', 'AP007', 'Asthma', 'Antibiotics', '2024-07-10', 'Follow-up in 1 week');
INSERT INTO MedicalRecords VALUES ('MR008', 'P009', 'D007', 'AP008', 'Cold', 'Antibiotics', '2024-07-14', 'Follow-up in 1 week');
INSERT INTO MedicalRecords VALUES ('MR009', 'P014', 'D001', 'AP009', 'Asthma', 'IV fluids', '2024-07-09', 'Follow-up in 1 week');
INSERT INTO MedicalRecords VALUES ('MR010', 'P016', 'D004', 'AP010', 'Asthma', 'IV fluids', '2024-07-19', 'Follow-up in 1 week');
INSERT INTO MedicalRecords VALUES ('MR011', 'P008', 'D003', 'AP011', 'Cold', 'Rest', '2024-07-03', 'Follow-up in 1 week');
INSERT INTO MedicalRecords VALUES ('MR012', 'P005', 'D002', 'AP012', 'Migraine', 'IV fluids', '2024-07-01', 'Follow-up in 1 week');
INSERT INTO MedicalRecords VALUES ('MR013', 'P016', 'D010', 'AP013', 'Migraine', 'Painkillers', '2024-07-04', 'Follow-up in 1 week');
INSERT INTO MedicalRecords VALUES ('MR014', 'P018', 'D008', 'AP014', 'Diabetes', 'Rest', '2024-07-11', 'Follow-up in 1 week');
INSERT INTO MedicalRecords VALUES ('MR015', 'P012', 'D005', 'AP015', 'Flu', 'Insulin', '2024-07-02', 'Follow-up in 1 week');
INSERT INTO MedicalRecords VALUES ('MR016', 'P015', 'D001', 'AP016', 'Diabetes', 'IV fluids', '2024-07-11', 'Follow-up in 1 week');
INSERT INTO MedicalRecords VALUES ('MR017', 'P010', 'D010', 'AP017', 'Cold', 'Painkillers', '2024-07-20', 'Follow-up in 1 week');
INSERT INTO MedicalRecords VALUES ('MR018', 'P021', 'D008', 'AP018', 'Fracture', 'Insulin', '2024-07-09', 'Follow-up in 1 week');
INSERT INTO MedicalRecords VALUES ('MR019', 'P013', 'D002', 'AP019', 'Asthma', 'Inhaler', '2024-07-14', 'Follow-up in 1 week');
INSERT INTO MedicalRecords VALUES ('MR020', 'P018', 'D003', 'AP020', 'Migraine', 'Painkillers', '2024-07-10', 'Follow-up in 1 week');

-- ==========================================
-- INSERT Data into Bills
-- ==========================================
INSERT INTO Bills VALUES ('B001', 'P012', 'A001', '2024-07-19', 458);
INSERT INTO Bills VALUES ('B002', 'P004', 'A002', '2024-07-08', 516);
INSERT INTO Bills VALUES ('B003', 'P009', 'A003', '2024-07-15', 724);
INSERT INTO Bills VALUES ('B004', 'P004', 'A004', '2024-07-16', 616);
INSERT INTO Bills VALUES ('B005', 'P006', 'A005', '2024-07-13', 460);
INSERT INTO Bills VALUES ('B006', 'P002', 'A006', '2024-07-09', 285);
INSERT INTO Bills VALUES ('B007', 'P014', 'A007', '2024-07-07', 316);
INSERT INTO Bills VALUES ('B008', 'P020', 'A008', '2024-07-19', 379);
INSERT INTO Bills VALUES ('B009', 'P010', 'A009', '2024-07-21', 597);
INSERT INTO Bills VALUES ('B010', 'P017', 'A010', '2024-07-21', 555);
INSERT INTO Bills VALUES ('B011', 'P003', 'A011', '2024-07-23', 432);
INSERT INTO Bills VALUES ('B012', 'P018', 'A012', '2024-07-22', 527);
INSERT INTO Bills VALUES ('B013', 'P018', 'A013', '2024-07-19', 510);
INSERT INTO Bills VALUES ('B014', 'P019', 'A014', '2024-07-12', 229);
INSERT INTO Bills VALUES ('B015', 'P019', 'A015', '2024-07-14', 482);
INSERT INTO Bills VALUES ('B016', 'P011', 'A016', '2024-07-22', 289);
INSERT INTO Bills VALUES ('B017', 'P003', 'A017', '2024-07-25', 800);
INSERT INTO Bills VALUES ('B018', 'P014', 'A018', '2024-07-22', 629);
INSERT INTO Bills VALUES ('B019', 'P001', 'A019', '2024-07-21', 786);
INSERT INTO Bills VALUES ('B020', 'P016', 'A020', '2024-07-10', 509);

-- ==========================================
-- INSERT Data into Services 
-- ==========================================
INSERT INTO Services VALUES ('S001', 'Service_1');
INSERT INTO Services VALUES ('S002', 'Service_2');
INSERT INTO Services VALUES ('S003', 'Service_3');
INSERT INTO Services VALUES ('S004', 'Service_4');
INSERT INTO Services VALUES ('S005', 'Service_5');
INSERT INTO Services VALUES ('S006', 'Service_6');
INSERT INTO Services VALUES ('S007', 'Service_7');
INSERT INTO Services VALUES ('S008', 'Service_8');
INSERT INTO Services VALUES ('S009', 'Service_9');
INSERT INTO Services VALUES ('S010', 'Service_10');
INSERT INTO Services VALUES ('S011', 'Service_11');
INSERT INTO Services VALUES ('S012', 'Service_12');
INSERT INTO Services VALUES ('S013', 'Service_13');
INSERT INTO Services VALUES ('S014', 'Service_14');
INSERT INTO Services VALUES ('S015', 'Service_15');
INSERT INTO Services VALUES ('S016', 'Service_16');
INSERT INTO Services VALUES ('S017', 'Service_17');
INSERT INTO Services VALUES ('S018', 'Service_18');
INSERT INTO Services VALUES ('S019', 'Service_19');
INSERT INTO Services VALUES ('S020', 'Service_20');

-- ==========================================
-- INSERT Data into BillingDetails 
-- ==========================================
INSERT INTO BillingDetails VALUES ('B003', 'S001', 'Samir', 1, 120);
INSERT INTO BillingDetails VALUES ('B010', 'S002', 'Karim', 2, 162);
INSERT INTO BillingDetails VALUES ('B004', 'S003', 'Samir', 3, 58);
INSERT INTO BillingDetails VALUES ('B018', 'S004', 'Samir', 2, 134);
INSERT INTO BillingDetails VALUES ('B015', 'S005', 'Fatma', 2, 90);
INSERT INTO BillingDetails VALUES ('B011', 'S006', 'Karim', 1, 52);
INSERT INTO BillingDetails VALUES ('B018', 'S007', 'Ali', 1, 83);
INSERT INTO BillingDetails VALUES ('B010', 'S008', 'Samir', 3, 147);
INSERT INTO BillingDetails VALUES ('B004', 'S009', 'Ali', 1, 93);
INSERT INTO BillingDetails VALUES ('B017', 'S010', 'Karim', 3, 113);
INSERT INTO BillingDetails VALUES ('B011', 'S011', 'Ali', 1, 115);
INSERT INTO BillingDetails VALUES ('B005', 'S012', 'Fatma', 3, 134);
INSERT INTO BillingDetails VALUES ('B007', 'S013', 'Fatma', 1, 177);
INSERT INTO BillingDetails VALUES ('B004', 'S014', 'Karim', 2, 140);
INSERT INTO BillingDetails VALUES ('B013', 'S015', 'Fatma', 1, 169);
INSERT INTO BillingDetails VALUES ('B018', 'S016', 'Karim', 1, 175);
INSERT INTO BillingDetails VALUES ('B012', 'S017', 'Ali', 3, 188);
INSERT INTO BillingDetails VALUES ('B004', 'S018', 'Ali', 3, 137);
INSERT INTO BillingDetails VALUES ('B005', 'S019', 'Fatma', 2, 145);
INSERT INTO BillingDetails VALUES ('B012', 'S020', 'Karim', 1, 135);